country_name,country_code,eu_member,year,generation_twh,net_import_twh,demand_twh,demand_mwh_per_capita
Albania,ALB,0,1990,3.3,0.21,3.51,1.068
Albania,ALB,0,1991,3.82,-1.17,2.65,0.808
Albania,ALB,0,1992,3.4,-0.51,2.89,0.89
Albania,ALB,0,1993,3.53,-0.14,3.39,1.061
Albania,ALB,0,1994,3.94,-0.19,3.75,1.192
Albania,ALB,0,1995,4.47,-0.07,4.4,1.413
Albania,ALB,0,1996,5.99,-0.23,5.76,1.859
Albania,ALB,0,1997,5.23,-0.13,5.1,1.645
Albania,ALB,0,1998,5.11,0.38,5.49,1.765
Albania,ALB,0,1999,5.42,0.36,5.78,1.851
Albania,ALB,0,2000,4.77,1,5.77,1.844
Albania,ALB,0,2001,3.73,1.75,5.48,1.751
Albania,ALB,0,2002,3.74,2.11,5.85,1.871
Albania,ALB,0,2003,5,0.92,5.92,1.899
Albania,ALB,0,2004,5.61,0.48,6.09,1.961
Albania,ALB,0,2005,5.44,0.37,5.81,1.882
Albania,ALB,0,2006,5.52,0.61,6.13,2.001
Albania,ALB,0,2007,2.86,2.83,5.69,1.875
Albania,ALB,0,2008,3.8,2.43,6.23,2.075
Albania,ALB,0,2009,5.2,1.4,6.6,2.22
Albania,ALB,0,2010,7.57,-0.95,6.62,2.246
Albania,ALB,0,2011,4.19,3.26,7.45,2.544
Albania,ALB,0,2012,4.72,2.54,7.26,2.491
Albania,ALB,0,2013,6.96,2.32,9.28,3.196
Albania,ALB,0,2014,4.72,3.07,7.79,2.69
Albania,ALB,0,2015,5.89,1.4,7.29,2.522
Albania,ALB,0,2016,7.78,-0.04,7.74,2.682
Albania,ALB,0,2017,4.52,2.91,7.43,2.576
Albania,ALB,0,2018,8.55,-0.91,7.64,2.65
Albania,ALB,0,2019,5.2,2.41,7.61,2.642
Austria,AUT,1,1990,49.3,-0.46,48.84,6.323
Austria,AUT,1,1991,50.18,0.77,50.95,6.555
Austria,AUT,1,1992,49.95,0.55,50.5,6.449
Austria,AUT,1,1993,51.37,-0.73,50.64,6.417
Austria,AUT,1,1994,52.11,-0.82,51.29,6.454
Austria,AUT,1,1995,55.18,-2.47,52.71,6.597
Austria,AUT,1,1996,53.57,0.95,54.52,6.8
Austria,AUT,1,1997,55.68,-0.77,54.91,6.836
Austria,AUT,1,1998,55.92,-0.16,55.76,6.934
Austria,AUT,1,1999,59.92,-1.9,58.02,7.206
Austria,AUT,1,2000,59.85,-1.37,58.48,7.247
Austria,AUT,1,2001,61.06,0.22,61.28,7.568
Austria,AUT,1,2002,60.69,0.7,61.39,7.547
Austria,AUT,1,2003,58.06,5.61,63.67,7.788
Austria,AUT,1,2004,61.93,3.08,65.01,7.912
Austria,AUT,1,2005,64.49,2.62,67.11,8.131
Austria,AUT,1,2006,62.28,6.34,68.62,8.282
Austria,AUT,1,2007,62.91,6.02,68.93,8.291
Austria,AUT,1,2008,64.5,4.86,69.36,8.315
Austria,AUT,1,2009,66.3,0.78,67.08,8.012
Austria,AUT,1,2010,67.91,2.44,70.35,8.365
Austria,AUT,1,2011,62.26,8.2,70.46,8.335
Austria,AUT,1,2012,68.7,2.8,71.5,8.41
Austria,AUT,1,2013,64.59,7.27,71.86,8.399
Austria,AUT,1,2014,61.62,9.27,70.89,8.228
Austria,AUT,1,2015,61.85,10.06,71.91,8.286
Austria,AUT,1,2016,65.25,7.16,72.41,8.278
Austria,AUT,1,2017,67.42,6.55,73.97,8.387
Austria,AUT,1,2018,65.04,8.95,73.99,8.322
Austria,AUT,1,2019,70.86,3.13,73.99,8.262
Austria,AUT,1,2020,69.14,2.2,71.34,7.921
Austria,AUT,1,2021,65.93,7.13,73.06,8.112
Belgium,BEL,1,1990,70.29,-3.72,66.57,6.653
Belgium,BEL,1,1991,71.19,-1.85,69.34,6.907
Belgium,BEL,1,1992,71.42,0.13,71.55,7.1
Belgium,BEL,1,1993,70.08,2.23,72.31,7.146
Belgium,BEL,1,1994,71.34,3.98,75.32,7.416
Belgium,BEL,1,1995,73.52,4.07,77.59,7.617
Belgium,BEL,1,1996,75.14,4.19,79.33,7.771
Belgium,BEL,1,1997,77.88,3.27,81.15,7.937
Belgium,BEL,1,1998,82.09,1.39,83.48,8.154
Belgium,BEL,1,1999,83.37,0.85,84.22,8.212
Belgium,BEL,1,2000,82.79,4.33,87.12,8.473
Belgium,BEL,1,2001,78.63,9.11,87.74,8.503
Belgium,BEL,1,2002,80.94,7.59,88.53,8.541
Belgium,BEL,1,2003,83.57,6.41,89.98,8.636
Belgium,BEL,1,2004,84.36,7.78,92.14,8.792
Belgium,BEL,1,2005,85.45,6.3,91.75,8.699
Belgium,BEL,1,2006,84.1,10.16,94.26,8.876
Belgium,BEL,1,2007,87.29,6.78,94.07,8.794
Belgium,BEL,1,2008,83.35,10.6,93.95,8.716
Belgium,BEL,1,2009,89.73,-1.84,87.89,8.093
Belgium,BEL,1,2010,94.19,0.55,94.74,8.661
Belgium,BEL,1,2011,89.04,2.54,91.58,8.315
Belgium,BEL,1,2012,81.41,9.94,91.35,8.241
Belgium,BEL,1,2013,81.72,9.64,91.36,8.191
Belgium,BEL,1,2014,71.04,17.6,88.64,7.899
Belgium,BEL,1,2015,68.24,21,89.24,7.906
Belgium,BEL,1,2016,84.16,6.18,90.34,7.956
Belgium,BEL,1,2017,85.09,6.02,91.11,7.978
Belgium,BEL,1,2018,73.57,17.33,90.9,7.917
Belgium,BEL,1,2019,92.41,-1.85,90.56,7.848
Belgium,BEL,1,2020,87.5,-0.66,86.84,7.493
Belgium,BEL,1,2021,98.11,-8.12,89.99,7.765
Bosnia Herzegovina,BIH,0,2014,17.02,-2.84,14.18,4.072
Bosnia Herzegovina,BIH,0,2015,16.43,-2.13,14.3,4.17
Bosnia Herzegovina,BIH,0,2016,17.76,-3.76,14,4.134
Bosnia Herzegovina,BIH,0,2017,16.24,-1.84,14.4,4.297
Bosnia Herzegovina,BIH,0,2018,19.07,-4.61,14.46,4.35
Bosnia Herzegovina,BIH,0,2019,17.42,-3.74,13.68,4.144
Bosnia Herzegovina,BIH,0,2020,16.96,-4.05,12.91,3.935
Bosnia Herzegovina,BIH,0,2021,17.64,-5.52,12.12,3.694
Bulgaria,BGR,1,1990,41.9,3.79,45.69,5.168
Bulgaria,BGR,1,1991,40.69,2.12,42.81,4.883
Bulgaria,BGR,1,1992,35.44,2.71,38.15,4.397
Bulgaria,BGR,1,1993,37.84,0.11,37.95,4.425
Bulgaria,BGR,1,1994,37.98,-0.07,37.91,4.473
Bulgaria,BGR,1,1995,41.65,-0.16,41.49,4.951
Bulgaria,BGR,1,1996,42.68,-0.45,42.23,5.093
Bulgaria,BGR,1,1997,42.59,-3.55,39.04,4.754
Bulgaria,BGR,1,1998,41.45,-3.65,37.8,4.645
Bulgaria,BGR,1,1999,37.98,-1.96,36.02,4.465
Bulgaria,BGR,1,2000,40.6,-4.62,35.98,4.499
Bulgaria,BGR,1,2001,43.45,-6.93,36.52,4.605
Bulgaria,BGR,1,2002,42.09,-6.3,35.79,4.55
Bulgaria,BGR,1,2003,42.29,-5.49,36.8,4.715
Bulgaria,BGR,1,2004,41.4,-5.88,35.52,4.586
Bulgaria,BGR,1,2005,43.93,-7.58,36.35,4.729
Bulgaria,BGR,1,2006,45.48,-7.74,37.74,4.946
Bulgaria,BGR,1,2007,42.9,-4.47,38.43,5.072
Bulgaria,BGR,1,2008,44.56,-5.34,39.22,5.213
Bulgaria,BGR,1,2009,42.33,-5.07,37.26,4.986
Bulgaria,BGR,1,2010,45.98,-8.45,37.53,5.055
Bulgaria,BGR,1,2011,49.95,-10.66,39.29,5.325
Bulgaria,BGR,1,2012,46.51,-8.31,38.2,5.209
Bulgaria,BGR,1,2013,43.01,-6.18,36.83,5.052
Bulgaria,BGR,1,2014,46.91,-9.46,37.45,5.169
Bulgaria,BGR,1,2015,48.7,-10.58,38.12,5.295
Bulgaria,BGR,1,2016,44.56,-6.37,38.19,5.34
Bulgaria,BGR,1,2017,44.92,-5.48,39.44,5.553
Bulgaria,BGR,1,2018,46.55,-7.81,38.74,5.494
Bulgaria,BGR,1,2019,43.82,-5.81,38.01,5.43
Bulgaria,BGR,1,2020,40.02,-3.41,36.61,5.269
Bulgaria,BGR,1,2021,47.08,-8.65,38.43,5.531
Croatia,HRV,1,1990,8.86,6.88,15.74,3.295
Croatia,HRV,1,1991,8.59,5.11,13.7,2.878
Croatia,HRV,1,1992,8.9,2.78,11.68,2.468
Croatia,HRV,1,1993,9.57,2.12,11.69,2.489
Croatia,HRV,1,1994,8.77,3.06,11.83,2.54
Croatia,HRV,1,1995,9.27,3.08,12.35,2.675
Croatia,HRV,1,1996,11.17,1.69,12.86,2.811
Croatia,HRV,1,1997,10.23,3.38,13.61,3.003
Croatia,HRV,1,1998,11.45,2.79,14.24,3.17
Croatia,HRV,1,1999,12.98,1.62,14.6,3.276
Croatia,HRV,1,2000,11.26,3.42,14.68,3.315
Croatia,HRV,1,2001,12.77,2.52,15.29,3.469
Croatia,HRV,1,2002,12.71,3.04,15.75,3.583
Croatia,HRV,1,2003,13.19,3.31,16.5,3.759
Croatia,HRV,1,2004,13.89,3,16.89,3.853
Croatia,HRV,1,2005,13.06,4.41,17.47,3.99
Croatia,HRV,1,2006,12.92,5,17.92,4.1
Croatia,HRV,1,2007,12.54,5.9,18.44,4.227
Croatia,HRV,1,2008,12.78,6.01,18.79,4.317
Croatia,HRV,1,2009,13.35,5,18.35,4.227
Croatia,HRV,1,2010,14.79,3.97,18.76,4.334
Croatia,HRV,1,2011,11.23,7.15,18.38,4.261
Croatia,HRV,1,2012,10.59,7.43,18.02,4.195
Croatia,HRV,1,2013,13.95,3.87,17.82,4.167
Croatia,HRV,1,2014,13.44,3.95,17.39,4.086
Croatia,HRV,1,2015,11.25,6.79,18.04,4.262
Croatia,HRV,1,2016,12.62,5.53,18.15,4.313
Croatia,HRV,1,2017,11.79,6.95,18.74,4.48
Croatia,HRV,1,2018,13.55,5.39,18.94,4.557
Croatia,HRV,1,2019,12.66,6.13,18.79,4.549
Croatia,HRV,1,2020,12.88,4.64,17.52,4.268
Croatia,HRV,1,2021,14.77,4,18.77,4.572
Cyprus,CYP,1,1990,1.97,0,1.97,2.57
Cyprus,CYP,1,1991,2.08,0,2.08,2.656
Cyprus,CYP,1,1992,2.43,0,2.43,3.035
Cyprus,CYP,1,1993,2.59,0,2.59,3.163
Cyprus,CYP,1,1994,2.68,0,2.68,3.202
Cyprus,CYP,1,1995,2.5,0,2.5,2.923
Cyprus,CYP,1,1996,2.61,0,2.61,2.988
Cyprus,CYP,1,1997,2.73,0,2.73,3.063
Cyprus,CYP,1,1998,2.99,0,2.99,3.29
Cyprus,CYP,1,1999,3.14,0,3.14,3.391
Cyprus,CYP,1,2000,3.37,0,3.37,3.573
Cyprus,CYP,1,2001,3.55,0,3.55,3.697
Cyprus,CYP,1,2002,3.79,0,3.79,3.879
Cyprus,CYP,1,2003,4.05,0,4.05,4.076
Cyprus,CYP,1,2004,4.2,0,4.2,4.157
Cyprus,CYP,1,2005,4.38,0,4.38,4.262
Cyprus,CYP,1,2006,4.65,0,4.65,4.448
Cyprus,CYP,1,2007,4.87,0,4.87,4.578
Cyprus,CYP,1,2008,5.07,0,5.07,4.688
Cyprus,CYP,1,2009,5.21,0,5.21,4.745
Cyprus,CYP,1,2010,5.33,0,5.33,4.791
Cyprus,CYP,1,2011,4.92,0,4.92,4.374
Cyprus,CYP,1,2012,4.72,0,4.72,4.158
Cyprus,CYP,1,2013,4.29,0,4.29,3.75
Cyprus,CYP,1,2014,4.34,0,4.34,3.766
Cyprus,CYP,1,2015,4.54,0,4.54,3.91
Cyprus,CYP,1,2016,4.89,0,4.89,4.179
Cyprus,CYP,1,2017,5,0,5,4.238
Cyprus,CYP,1,2018,5.06,0,5.06,4.255
Cyprus,CYP,1,2019,5.15,0,5.15,4.297
Cyprus,CYP,1,2020,4.96,0,4.96,4.108
Cyprus,CYP,1,2021,5.13,0,5.13,4.249
Czechia,CZE,1,1990,62.27,-0.69,61.58,5.955
Czechia,CZE,1,1991,60.3,-2.53,57.77,5.584
Czechia,CZE,1,1992,59.05,-3.04,56.01,5.41
Czechia,CZE,1,1993,58.67,-2.1,56.57,5.461
Czechia,CZE,1,1994,58.4,-0.45,57.95,5.593
Czechia,CZE,1,1995,60.58,0.42,61,5.889
Czechia,CZE,1,1996,63.83,0,63.83,6.167
Czechia,CZE,1,1997,64.21,-1.19,63.02,6.096
Czechia,CZE,1,1998,64.62,-2.46,62.16,6.021
Czechia,CZE,1,1999,64.17,-3.28,60.89,5.908
Czechia,CZE,1,2000,72.9,-10.02,62.88,6.111
Czechia,CZE,1,2001,74.22,-9.54,64.68,6.297
Czechia,CZE,1,2002,76,-11.39,64.61,6.302
Czechia,CZE,1,2003,82.79,-16.21,66.58,6.503
Czechia,CZE,1,2004,83.79,-15.72,68.07,6.648
Czechia,CZE,1,2005,81.93,-12.63,69.3,6.756
Czechia,CZE,1,2006,83.66,-12.63,71.03,6.897
Czechia,CZE,1,2007,87.77,-16.15,71.62,6.915
Czechia,CZE,1,2008,83.28,-11.47,71.81,6.888
Czechia,CZE,1,2009,81.64,-13.64,68,6.484
Czechia,CZE,1,2010,85.24,-14.95,70.29,6.671
Czechia,CZE,1,2011,86.67,-17.04,69.63,6.59
Czechia,CZE,1,2012,86.61,-17.12,69.49,6.567
Czechia,CZE,1,2013,85.94,-16.89,69.05,6.522
Czechia,CZE,1,2014,85.01,-16.3,68.71,6.488
Czechia,CZE,1,2015,82.52,-12.51,70.01,6.604
Czechia,CZE,1,2016,82.01,-10.97,71.04,6.69
Czechia,CZE,1,2017,85.77,-13.04,72.73,6.835
Czechia,CZE,1,2018,86.86,-13.91,72.95,6.84
Czechia,CZE,1,2019,85.74,-13.1,72.64,6.796
Czechia,CZE,1,2020,81.1,-10.15,70.95,6.625
Czechia,CZE,1,2021,84.33,-11.56,72.77,6.795
Denmark,DNK,1,1990,25.98,7.05,33.03,6.425
Denmark,DNK,1,1991,36.54,-1.97,34.57,6.706
Denmark,DNK,1,1992,30.75,3.75,34.5,6.671
Denmark,DNK,1,1993,33.98,1.18,35.16,6.774
Denmark,DNK,1,1994,40.58,-4.84,35.74,6.858
Denmark,DNK,1,1995,36.74,-0.79,35.95,6.87
Denmark,DNK,1,1996,53.56,-15.4,38.16,7.262
Denmark,DNK,1,1997,44.28,-7.25,37.03,7.016
Denmark,DNK,1,1998,41.08,-4.32,36.76,6.935
Denmark,DNK,1,1999,38.89,-2.31,36.58,6.874
Denmark,DNK,1,2000,36,0.66,36.66,6.864
Denmark,DNK,1,2001,37.72,-0.57,37.15,6.933
Denmark,DNK,1,2002,39.28,-2.07,37.21,6.926
Denmark,DNK,1,2003,46.16,-8.55,37.61,6.982
Denmark,DNK,1,2004,40.42,-2.87,37.55,6.95
Denmark,DNK,1,2005,36.23,1.37,37.6,6.935
Denmark,DNK,1,2006,45.61,-6.93,38.68,7.105
Denmark,DNK,1,2007,39.31,-0.95,38.36,7.013
Denmark,DNK,1,2008,36.62,1.45,38.07,6.925
Denmark,DNK,1,2009,36.38,0.33,36.71,6.643
Denmark,DNK,1,2010,38.87,-1.14,37.73,6.792
Denmark,DNK,1,2011,35.22,1.32,36.54,6.545
Denmark,DNK,1,2012,30.7,5.21,35.91,6.4
Denmark,DNK,1,2013,34.74,1.08,35.82,6.353
Denmark,DNK,1,2014,32.19,2.85,35.04,6.186
Denmark,DNK,1,2015,28.93,5.91,34.84,6.124
Denmark,DNK,1,2016,30.55,5.06,35.61,6.235
Denmark,DNK,1,2017,31.03,4.56,35.59,6.209
Denmark,DNK,1,2018,30.36,5.22,35.58,6.186
Denmark,DNK,1,2019,29.52,5.81,35.33,6.121
Denmark,DNK,1,2020,28.86,6.2,35.06,6.053
Denmark,DNK,1,2021,33.53,4.31,37.84,6.533
Estonia,EST,1,1990,17.18,-7,10.18,6.504
Estonia,EST,1,1991,14.63,-4.77,9.86,6.369
Estonia,EST,1,1992,11.83,-3.24,8.59,5.648
Estonia,EST,1,1993,9.12,-1.6,7.52,5.054
Estonia,EST,1,1994,9.15,-1.19,7.96,5.463
Estonia,EST,1,1995,8.69,-0.76,7.93,5.534
Estonia,EST,1,1996,9.09,-0.86,8.23,5.805
Estonia,EST,1,1997,9.22,-0.97,8.25,5.852
Estonia,EST,1,1998,8.52,-0.39,8.13,5.781
Estonia,EST,1,1999,8.26,-0.6,7.66,5.457
Estonia,EST,1,2000,8.51,-0.93,7.58,5.418
Estonia,EST,1,2001,8.49,-0.62,7.87,5.655
Estonia,EST,1,2002,8.53,-0.69,7.84,5.67
Estonia,EST,1,2003,10.16,-1.9,8.26,6.016
Estonia,EST,1,2004,10.31,-1.79,8.52,6.248
Estonia,EST,1,2005,10.2,-1.61,8.59,6.336
Estonia,EST,1,2006,9.73,-0.75,8.98,6.655
Estonia,EST,1,2007,12.18,-2.42,9.76,7.26
Estonia,EST,1,2008,10.58,-0.94,9.64,7.194
Estonia,EST,1,2009,8.78,0.08,8.86,6.631
Estonia,EST,1,2010,12.97,-3.25,9.72,7.297
Estonia,EST,1,2011,12.89,-3.56,9.33,7.027
Estonia,EST,1,2012,11.96,-2.24,9.72,7.346
Estonia,EST,1,2013,13.28,-3.59,9.69,7.346
Estonia,EST,1,2014,12.45,-2.75,9.7,7.369
Estonia,EST,1,2015,10.15,-0.92,9.23,7.017
Estonia,EST,1,2016,12.17,-2.04,10.13,7.695
Estonia,EST,1,2017,13.16,-2.73,10.43,7.905
Estonia,EST,1,2018,12.37,-1.9,10.47,7.914
Estonia,EST,1,2019,7.61,2.16,9.77,7.37
Estonia,EST,1,2020,6.06,3.65,9.71,7.32
Estonia,EST,1,2021,7.52,2.64,10.16,7.659
Finland,FIN,1,1990,54.39,10.64,65.03,13.016
Finland,FIN,1,1991,57.98,7.29,65.27,13.004
Finland,FIN,1,1992,57.73,8.39,66.12,13.106
Finland,FIN,1,1993,61.08,7.58,68.66,13.538
Finland,FIN,1,1994,65.64,6.54,72.18,14.161
Finland,FIN,1,1995,64.04,8.41,72.45,14.153
Finland,FIN,1,1996,69.38,3.66,73.04,14.218
Finland,FIN,1,1997,69.16,7.65,76.81,14.91
Finland,FIN,1,1998,70.15,9.31,79.46,15.387
Finland,FIN,1,1999,69.46,11.12,80.58,15.568
Finland,FIN,1,2000,69.79,11.88,81.67,15.742
Finland,FIN,1,2001,74.29,9.96,84.25,16.2
Finland,FIN,1,2002,74.73,11.92,86.65,16.621
Finland,FIN,1,2003,84.08,4.85,88.93,17.013
Finland,FIN,1,2004,85.6,4.87,90.47,17.258
Finland,FIN,1,2005,70.33,17.01,87.34,16.608
Finland,FIN,1,2006,82.05,11.4,93.45,17.707
Finland,FIN,1,2007,80.92,12.56,93.48,17.645
Finland,FIN,1,2008,76.98,12.77,89.75,16.872
Finland,FIN,1,2009,71.78,12.09,83.87,15.699
Finland,FIN,1,2010,80.34,10.5,90.84,16.929
Finland,FIN,1,2011,73.21,13.85,87.06,16.152
Finland,FIN,1,2012,70.09,17.44,87.53,16.165
Finland,FIN,1,2013,70.98,15.71,86.69,15.939
Finland,FIN,1,2014,67.81,17.97,85.78,15.707
Finland,FIN,1,2015,68.36,16.34,84.7,15.453
Finland,FIN,1,2016,68.48,18.95,87.43,15.903
Finland,FIN,1,2017,67.13,20.43,87.56,15.887
Finland,FIN,1,2018,69.98,19.94,89.92,16.282
Finland,FIN,1,2019,68.37,20.04,88.41,15.981
Finland,FIN,1,2020,67.97,14.95,82.92,14.966
Finland,FIN,1,2021,70.27,17.66,87.93,15.87
France,FRA,1,1990,417.2,-45.44,371.76,6.56
France,FRA,1,1991,451.62,-52.89,398.73,7.006
France,FRA,1,1992,460.02,-53.8,406.22,7.108
France,FRA,1,1993,469.66,-61.43,408.23,7.116
France,FRA,1,1994,474.6,-63.17,411.43,7.144
France,FRA,1,1995,491.2,-69.84,421.36,7.29
France,FRA,1,1996,509.16,-68.81,440.35,7.591
France,FRA,1,1997,500.96,-65.4,435.56,7.481
France,FRA,1,1998,507.25,-57.56,449.69,7.694
France,FRA,1,1999,521.23,-63.14,458.09,7.803
France,FRA,1,2000,535.18,-69.48,465.7,7.891
France,FRA,1,2001,545.3,-68.39,476.91,8.031
France,FRA,1,2002,553.64,-77.03,476.61,7.97
France,FRA,1,2003,561.51,-66.41,495.1,8.217
France,FRA,1,2004,568.7,-61.91,506.79,8.349
France,FRA,1,2005,571.2,-60.33,510.87,8.358
France,FRA,1,2006,569.42,-63.34,506.08,8.228
France,FRA,1,2007,563.82,-56.81,507.01,8.195
France,FRA,1,2008,568.84,-47.99,520.85,8.373
France,FRA,1,2009,530.71,-25.93,504.78,8.071
France,FRA,1,2010,564.34,-30.71,533.63,8.487
France,FRA,1,2011,567.4,-56.41,510.99,8.082
France,FRA,1,2012,567.08,-44.52,522.56,8.221
France,FRA,1,2013,576.45,-48.46,527.99,8.264
France,FRA,1,2014,566.19,-67.19,499,7.773
France,FRA,1,2015,573.92,-64.06,509.86,7.911
France,FRA,1,2016,558.65,-41.5,517.15,7.997
France,FRA,1,2017,556.08,-40.13,515.95,7.957
France,FRA,1,2018,575.8,-62.97,512.83,7.891
France,FRA,1,2019,565.62,-57.67,507.95,7.799
France,FRA,1,2020,529.6,-44.81,484.79,7.427
France,FRA,1,2021,551.4,-43.16,508.24,7.786
Georgia,GEO,0,2013,10.06,0.03,10.09,2.492
Georgia,GEO,0,2014,10.38,0.25,10.63,2.634
Georgia,GEO,0,2015,10.83,0.04,10.87,2.701
Georgia,GEO,0,2016,11.58,-0.08,11.5,2.864
Georgia,GEO,0,2017,11.53,0.81,12.34,3.078
Georgia,GEO,0,2018,12.14,0.92,13.06,3.263
Georgia,GEO,0,2019,11.85,1.38,13.23,3.31
Germany,DEU,1,1990,546.82,0.93,547.75,6.929
Germany,DEU,1,1991,535.83,-0.57,535.26,6.734
Germany,DEU,1,1992,533.66,-5.32,528.34,6.607
Germany,DEU,1,1993,522.49,0.87,523.36,6.507
Germany,DEU,1,1994,525.21,2.34,527.55,6.526
Germany,DEU,1,1995,532.81,4.82,537.63,6.626
Germany,DEU,1,1996,550.69,-5.27,545.42,6.707
Germany,DEU,1,1997,548.01,-2.35,545.66,6.704
Germany,DEU,1,1998,552.38,-0.64,551.74,6.778
Germany,DEU,1,1999,552.54,1.04,553.58,6.802
Germany,DEU,1,2000,572.3,3.06,575.36,7.068
Germany,DEU,1,2001,581.89,3.66,585.55,7.189
Germany,DEU,1,2002,581.96,10,591.96,7.26
Germany,DEU,1,2003,602.54,-3.27,599.27,7.343
Germany,DEU,1,2004,610.28,-2.62,607.66,7.443
Germany,DEU,1,2005,613.41,-4.57,608.84,7.461
Germany,DEU,1,2006,629.81,-16.98,612.83,7.522
Germany,DEU,1,2007,632.31,-16.56,615.75,7.576
Germany,DEU,1,2008,633.2,-20.1,613.1,7.563
Germany,DEU,1,2009,588.94,-12.27,576.67,7.128
Germany,DEU,1,2010,624.64,-14.95,609.69,7.543
Germany,DEU,1,2011,605.17,-3.77,601.4,7.438
Germany,DEU,1,2012,620.39,-20.54,599.85,7.408
Germany,DEU,1,2013,631.15,-32.19,598.96,7.379
Germany,DEU,1,2014,619.95,-33.88,586.07,7.195
Germany,DEU,1,2015,640.57,-48.28,592.29,7.242
Germany,DEU,1,2016,642.97,-50.52,592.45,7.208
Germany,DEU,1,2017,646.01,-52.46,593.55,7.181
Germany,DEU,1,2018,635.15,-48.74,586.41,7.055
Germany,DEU,1,2019,601.63,-32.67,568.96,6.813
Germany,DEU,1,2020,572.53,-18.88,553.65,6.608
Germany,DEU,1,2021,581.4,-18.99,562.41,6.713
Greece,GRC,1,1990,34.78,0.71,35.49,3.471
Greece,GRC,1,1991,35.74,0.64,36.38,3.527
Greece,GRC,1,1992,37.22,0.61,37.83,3.63
Greece,GRC,1,1993,38.13,0.81,38.94,3.697
Greece,GRC,1,1994,40.39,0.38,40.77,3.83
Greece,GRC,1,1995,41.3,0.8,42.1,3.918
Greece,GRC,1,1996,42.42,1.35,43.77,4.041
Greece,GRC,1,1997,43.29,2.29,45.58,4.179
Greece,GRC,1,1998,46.19,1.61,47.8,4.357
Greece,GRC,1,1999,49.39,0.16,49.55,4.493
Greece,GRC,1,2000,53.42,-0.01,53.41,4.819
Greece,GRC,1,2001,53.08,2.5,55.58,4.992
Greece,GRC,1,2002,53.95,2.9,56.85,5.084
Greece,GRC,1,2003,57.9,2.09,59.99,5.347
Greece,GRC,1,2004,58.8,2.82,61.62,5.485
Greece,GRC,1,2005,59.43,3.78,63.21,5.631
Greece,GRC,1,2006,60.17,4.2,64.37,5.755
Greece,GRC,1,2007,62.71,4.36,67.07,6.031
Greece,GRC,1,2008,62.92,5.61,68.53,6.207
Greece,GRC,1,2009,61.07,4.37,65.44,5.971
Greece,GRC,1,2010,57.38,5.71,63.09,5.795
Greece,GRC,1,2011,59.19,3.23,62.42,5.764
Greece,GRC,1,2012,60.75,1.78,62.53,5.8
Greece,GRC,1,2013,57.12,1.89,59.01,5.494
Greece,GRC,1,2014,50.35,8.82,59.17,5.529
Greece,GRC,1,2015,51.83,9.61,61.44,5.764
Greece,GRC,1,2016,54.41,8.8,63.21,5.955
Greece,GRC,1,2017,55.18,6.24,61.42,5.811
Greece,GRC,1,2018,53.25,6.28,59.53,5.658
Greece,GRC,1,2019,48.56,9.94,58.5,5.586
Greece,GRC,1,2020,46.84,8.86,55.7,5.344
Greece,GRC,1,2021,53.62,3.62,57.24,5.492
Hungary,HUN,1,1990,28.44,11.15,39.59,3.815
Hungary,HUN,1,1991,29.96,7.35,37.31,3.6
Hungary,HUN,1,1992,31.68,3.47,35.15,3.393
Hungary,HUN,1,1993,32.91,2.47,35.38,3.415
Hungary,HUN,1,1994,33.52,2.03,35.55,3.432
Hungary,HUN,1,1995,34.02,2.41,36.43,3.52
Hungary,HUN,1,1996,35.09,2.2,37.29,3.609
Hungary,HUN,1,1997,35.4,2.15,37.55,3.643
Hungary,HUN,1,1998,37.2,0.74,37.94,3.691
Hungary,HUN,1,1999,37.83,1.06,38.89,3.794
Hungary,HUN,1,2000,35.19,3.44,38.63,3.78
Hungary,HUN,1,2001,36.42,3.17,39.59,3.884
Hungary,HUN,1,2002,36.15,4.26,40.41,3.975
Hungary,HUN,1,2003,34.13,6.94,41.07,4.05
Hungary,HUN,1,2004,33.71,7.47,41.18,4.071
Hungary,HUN,1,2005,35.75,6.23,41.98,4.162
Hungary,HUN,1,2006,35.85,7.21,43.06,4.282
Hungary,HUN,1,2007,39.96,3.99,43.95,4.384
Hungary,HUN,1,2008,40.02,3.9,43.92,4.396
Hungary,HUN,1,2009,35.91,5.51,41.42,4.159
Hungary,HUN,1,2010,37.37,5.2,42.57,4.288
Hungary,HUN,1,2011,36.02,6.64,42.66,4.311
Hungary,HUN,1,2012,34.62,7.97,42.59,4.318
Hungary,HUN,1,2013,30.25,11.88,42.13,4.284
Hungary,HUN,1,2014,29.35,13.39,42.74,4.359
Hungary,HUN,1,2015,30.29,13.69,43.98,4.498
Hungary,HUN,1,2016,31.81,12.71,44.52,4.565
Hungary,HUN,1,2017,32.8,12.88,45.68,4.695
Hungary,HUN,1,2018,31.91,14.35,46.26,4.765
Hungary,HUN,1,2019,34.05,12.58,46.63,4.815
Hungary,HUN,1,2020,34.08,11.68,45.76,4.737
Hungary,HUN,1,2021,34.81,12.69,47.5,4.917
Iceland,ISL,0,1990,4.51,0,4.51,17.683
Iceland,ISL,0,1991,4.49,0,4.49,17.429
Iceland,ISL,0,1992,4.55,0,4.55,17.49
Iceland,ISL,0,1993,4.73,0,4.73,18.009
Iceland,ISL,0,1994,4.77,0,4.77,17.99
Iceland,ISL,0,1995,4.98,0,4.98,18.608
Iceland,ISL,0,1996,5.12,0,5.12,18.953
Iceland,ISL,0,1997,5.59,0,5.59,20.498
Iceland,ISL,0,1998,6.27,0,6.27,22.776
Iceland,ISL,0,1999,7.19,0,7.19,25.876
Iceland,ISL,0,2000,7.68,0,7.68,27.386
Iceland,ISL,0,2001,8.03,0,8.03,28.384
Iceland,ISL,0,2002,8.42,0,8.42,29.51
Iceland,ISL,0,2003,8.51,0,8.51,29.553
Iceland,ISL,0,2004,8.61,0,8.61,29.577
Iceland,ISL,0,2005,8.68,0,8.68,29.426
Iceland,ISL,0,2006,9.92,0,9.92,33.097
Iceland,ISL,0,2007,11.97,0,11.97,39.223
Iceland,ISL,0,2008,16.47,0,16.47,52.983
Iceland,ISL,0,2009,16.83,0,16.83,53.25
Iceland,ISL,0,2010,17.06,0,17.06,53.256
Iceland,ISL,0,2011,17.21,0,17.21,53.204
Iceland,ISL,0,2012,17.55,0,17.55,53.894
Iceland,ISL,0,2013,18.11,0,18.11,55.349
Iceland,ISL,0,2014,18.12,0,18.12,55.144
Iceland,ISL,0,2015,18.79,0,18.79,56.899
Iceland,ISL,0,2016,18.55,0,18.55,55.838
Iceland,ISL,0,2017,19.24,0,19.24,57.537
Iceland,ISL,0,2018,19.82,0,19.82,58.863
Iceland,ISL,0,2019,19.49,0,19.49,57.486
Ireland,IRL,1,1990,14.23,0,14.23,4.053
Ireland,IRL,1,1991,14.93,0,14.93,4.244
Ireland,IRL,1,1992,15.78,0,15.78,4.47
Ireland,IRL,1,1993,16.14,0,16.14,4.55
Ireland,IRL,1,1994,16.83,0,16.83,4.717
Ireland,IRL,1,1995,17.61,-0.02,17.59,4.897
Ireland,IRL,1,1996,18.91,-0.13,18.78,5.188
Ireland,IRL,1,1997,19.69,-0.01,19.68,5.39
Ireland,IRL,1,1998,20.89,0.08,20.97,5.686
Ireland,IRL,1,1999,21.77,0.24,22.01,5.898
Ireland,IRL,1,2000,23.67,0.1,23.77,6.283
Ireland,IRL,1,2001,24.64,-0.25,24.39,6.348
Ireland,IRL,1,2002,24.84,0.5,25.34,6.484
Ireland,IRL,1,2003,24.86,1.17,26.03,6.54
Ireland,IRL,1,2004,25.22,1.57,26.79,6.602
Ireland,IRL,1,2005,25.62,2.04,27.66,6.679
Ireland,IRL,1,2006,27.11,1.78,28.89,6.829
Ireland,IRL,1,2007,28.37,1.33,29.7,6.868
Ireland,IRL,1,2008,29.92,0.45,30.37,6.877
Ireland,IRL,1,2009,27.97,0.76,28.73,6.392
Ireland,IRL,1,2010,28.16,0.47,28.63,6.286
Ireland,IRL,1,2011,27.16,0.49,27.65,6.023
Ireland,IRL,1,2012,27.13,0.41,27.54,5.976
Ireland,IRL,1,2013,25.57,2.24,27.81,6.025
Ireland,IRL,1,2014,25.81,2.15,27.96,6.043
Ireland,IRL,1,2015,28.1,0.67,28.77,6.184
Ireland,IRL,1,2016,30.23,-0.71,29.52,6.286
Ireland,IRL,1,2017,30.66,-0.68,29.98,6.307
Ireland,IRL,1,2018,30.9,-0.03,30.87,6.406
Ireland,IRL,1,2019,30.7,0.64,31.34,6.419
Ireland,IRL,1,2020,31.29,-0.15,31.14,6.306
Ireland,IRL,1,2021,29.88,1.23,31.11,6.3
Italy,ITA,1,1990,213.15,34.65,247.8,4.344
Italy,ITA,1,1991,218.43,35.08,253.51,4.441
Italy,ITA,1,1992,222.37,35.3,257.67,4.509
Italy,ITA,1,1993,219.39,39.43,258.82,4.525
Italy,ITA,1,1994,228.45,37.6,266.05,4.65
Italy,ITA,1,1995,237,37.43,274.43,4.8
Italy,ITA,1,1996,239.05,37.39,276.44,4.844
Italy,ITA,1,1997,245.81,38.83,284.64,5.002
Italy,ITA,1,1998,252.93,40.73,293.66,5.175
Italy,ITA,1,1999,258.6,42.01,300.61,5.306
Italy,ITA,1,2000,269.15,44.35,313.5,5.53
Italy,ITA,1,2001,271.08,48.38,319.46,5.617
Italy,ITA,1,2002,276.76,50.6,327.36,5.725
Italy,ITA,1,2003,285.38,50.97,336.35,5.843
Italy,ITA,1,2004,294.83,45.63,340.46,5.875
Italy,ITA,1,2005,295.72,49.15,344.87,5.917
Italy,ITA,1,2006,306.67,44.99,351.66,6.007
Italy,ITA,1,2007,307.21,46.28,353.49,6.017
Italy,ITA,1,2008,312.5,40.03,352.53,5.983
Italy,ITA,1,2009,287.58,44.96,332.54,5.626
Italy,ITA,1,2010,297.91,44.16,342.07,5.766
Italy,ITA,1,2011,299.74,45.73,345.47,5.798
Italy,ITA,1,2012,296.48,43.1,339.58,5.671
Italy,ITA,1,2013,287.07,42.14,329.21,5.472
Italy,ITA,1,2014,277.44,43.72,321.16,5.316
Italy,ITA,1,2015,280.95,46.38,327.33,5.403
Italy,ITA,1,2016,287.2,37.03,324.23,5.345
Italy,ITA,1,2017,293.33,37.76,331.09,5.457
Italy,ITA,1,2018,287.39,43.9,331.29,5.464
Italy,ITA,1,2019,291.35,38.14,329.49,5.442
Italy,ITA,1,2020,277.72,32.2,309.92,5.126
Italy,ITA,1,2021,282.94,42.74,325.68,5.387
Latvia,LVA,1,1990,6.65,3.58,10.23,3.839
Latvia,LVA,1,1991,5.65,4.23,9.88,3.729
Latvia,LVA,1,1992,3.84,4.08,7.92,3.023
Latvia,LVA,1,1993,3.93,2.5,6.43,2.49
Latvia,LVA,1,1994,4.44,1.82,6.26,2.461
Latvia,LVA,1,1995,3.99,2.26,6.25,2.492
Latvia,LVA,1,1996,3.12,3.23,6.35,2.562
Latvia,LVA,1,1997,4.51,1.82,6.33,2.58
Latvia,LVA,1,1998,5.8,0.53,6.33,2.604
Latvia,LVA,1,1999,4.11,1.95,6.06,2.517
Latvia,LVA,1,2000,4.14,1.79,5.93,2.487
Latvia,LVA,1,2001,4.27,1.88,6.15,2.607
Latvia,LVA,1,2002,3.97,2.35,6.32,2.71
Latvia,LVA,1,2003,3.97,2.63,6.6,2.862
Latvia,LVA,1,2004,4.69,2.1,6.79,2.979
Latvia,LVA,1,2005,4.92,2.15,7.07,3.139
Latvia,LVA,1,2006,4.89,2.51,7.4,3.326
Latvia,LVA,1,2007,4.76,3,7.76,3.53
Latvia,LVA,1,2008,5.27,2.52,7.79,3.588
Latvia,LVA,1,2009,5.57,1.65,7.22,3.366
Latvia,LVA,1,2010,6.63,0.87,7.5,3.54
Latvia,LVA,1,2011,6.09,1.24,7.33,3.501
Latvia,LVA,1,2012,6.17,1.69,7.86,3.799
Latvia,LVA,1,2013,6.2,1.36,7.56,3.697
Latvia,LVA,1,2014,5.14,2.32,7.46,3.691
Latvia,LVA,1,2015,5.54,1.82,7.36,3.684
Latvia,LVA,1,2016,6.42,1.03,7.45,3.774
Latvia,LVA,1,2017,7.53,-0.06,7.47,3.829
Latvia,LVA,1,2018,6.72,0.91,7.63,3.957
Latvia,LVA,1,2019,6.44,1.12,7.56,3.965
Latvia,LVA,1,2020,5.77,1.63,7.4,3.923
Latvia,LVA,1,2021,5.97,1.78,7.75,4.109
Lithuania,LTU,1,1990,28.36,-11.98,16.38,4.432
Lithuania,LTU,1,1991,29.33,-12.75,16.58,4.484
Lithuania,LTU,1,1992,18.53,-5.3,13.23,3.587
Lithuania,LTU,1,1993,13.91,-2.73,11.18,3.046
Lithuania,LTU,1,1994,9.73,1.1,10.83,2.968
Lithuania,LTU,1,1995,13.49,-2.68,10.81,2.981
Lithuania,LTU,1,1996,16.2,-5.16,11.04,3.063
Lithuania,LTU,1,1997,14.35,-3.52,10.83,3.025
Lithuania,LTU,1,1998,17.1,-6.08,11.02,3.1
Lithuania,LTU,1,1999,13.02,-2.68,10.34,2.93
Lithuania,LTU,1,2000,11.03,-1.34,9.69,2.767
Lithuania,LTU,1,2001,14.29,-3.96,10.33,2.974
Lithuania,LTU,1,2002,17.15,-6.49,10.66,3.095
Lithuania,LTU,1,2003,18.66,-7.53,11.13,3.26
Lithuania,LTU,1,2004,18.58,-7.19,11.39,3.369
Lithuania,LTU,1,2005,14.22,-2.97,11.25,3.364
Lithuania,LTU,1,2006,11.87,-0.43,11.44,3.463
Lithuania,LTU,1,2007,13.23,-1.37,11.86,3.639
Lithuania,LTU,1,2008,13.09,-0.96,12.13,3.775
Lithuania,LTU,1,2009,14.37,-2.93,11.44,3.612
Lithuania,LTU,1,2010,4.75,5.99,10.74,3.438
Lithuania,LTU,1,2011,3.99,6.74,10.73,3.48
Lithuania,LTU,1,2012,4.3,6.62,10.92,3.586
Lithuania,LTU,1,2013,3.98,6.95,10.93,3.633
Lithuania,LTU,1,2014,3.46,7.62,11.08,3.729
Lithuania,LTU,1,2015,4,7.21,11.21,3.823
Lithuania,LTU,1,2016,3.41,8.27,11.68,4.042
Lithuania,LTU,1,2017,3.35,8.68,12.03,4.228
Lithuania,LTU,1,2018,2.75,9.63,12.38,4.419
Lithuania,LTU,1,2019,3.14,9.34,12.48,4.522
Lithuania,LTU,1,2020,4.21,7.91,12.12,4.452
Lithuania,LTU,1,2021,3.64,8.94,12.58,4.621
Luxembourg,LUX,1,1990,0.62,3.93,4.55,11.918
Luxembourg,LUX,1,1991,0.7,4.15,4.85,12.553
Luxembourg,LUX,1,1992,0.66,3.98,4.64,11.855
Luxembourg,LUX,1,1993,0.67,4.05,4.72,11.895
Luxembourg,LUX,1,1994,0.59,4.46,5.05,12.549
Luxembourg,LUX,1,1995,0.49,5,5.49,13.451
Luxembourg,LUX,1,1996,0.45,4.9,5.35,12.923
Luxembourg,LUX,1,1997,0.41,5.19,5.6,13.334
Luxembourg,LUX,1,1998,0.37,5.41,5.78,13.574
Luxembourg,LUX,1,1999,0.36,5.56,5.92,13.727
Luxembourg,LUX,1,2000,0.4,5.71,6.11,14.01
Luxembourg,LUX,1,2001,0.87,5.32,6.19,14.062
Luxembourg,LUX,1,2002,2.8,3.47,6.27,14.13
Luxembourg,LUX,1,2003,2.79,3.76,6.55,14.643
Luxembourg,LUX,1,2004,3.37,3.37,6.74,14.917
Luxembourg,LUX,1,2005,3.35,3.26,6.61,14.437
Luxembourg,LUX,1,2006,3.54,3.56,7.1,15.249
Luxembourg,LUX,1,2007,3.19,3.96,7.15,15.055
Luxembourg,LUX,1,2008,2.72,4.35,7.07,14.565
Luxembourg,LUX,1,2009,3.15,3.42,6.57,13.232
Luxembourg,LUX,1,2010,3.24,4.06,7.3,14.373
Luxembourg,LUX,1,2011,2.64,4.48,7.12,13.71
Luxembourg,LUX,1,2012,2.76,4.11,6.87,12.941
Luxembourg,LUX,1,2013,1.84,4.94,6.78,12.496
Luxembourg,LUX,1,2014,1.91,4.89,6.8,12.263
Luxembourg,LUX,1,2015,1.34,5.6,6.94,12.245
Luxembourg,LUX,1,2016,0.79,6.3,7.09,12.24
Luxembourg,LUX,1,2017,0.9,6.18,7.08,11.961
Luxembourg,LUX,1,2018,0.96,6.16,7.12,11.783
Luxembourg,LUX,1,2019,1.07,5.88,6.95,11.287
Luxembourg,LUX,1,2020,1.23,5.46,6.69,10.687
Luxembourg,LUX,1,2021,1.39,5.61,7,11.183
Malta,MLT,1,1990,1.11,0,1.11,3.066
Malta,MLT,1,1991,1.42,0,1.42,3.891
Malta,MLT,1,1992,1.49,0,1.49,4.05
Malta,MLT,1,1993,1.5,0,1.5,4.046
Malta,MLT,1,1994,1.54,0,1.54,4.12
Malta,MLT,1,1995,1.63,0,1.63,4.325
Malta,MLT,1,1996,1.66,0,1.66,4.365
Malta,MLT,1,1997,1.69,0,1.69,4.404
Malta,MLT,1,1998,1.72,0,1.72,4.441
Malta,MLT,1,1999,1.85,0,1.85,4.736
Malta,MLT,1,2000,1.92,0,1.92,4.877
Malta,MLT,1,2001,1.94,0,1.94,4.895
Malta,MLT,1,2002,2.05,0,2.05,5.141
Malta,MLT,1,2003,2.24,0,2.24,5.588
Malta,MLT,1,2004,2.22,0,2.22,5.511
Malta,MLT,1,2005,2.24,0,2.24,5.536
Malta,MLT,1,2006,2.26,0,2.26,5.562
Malta,MLT,1,2007,2.3,0,2.3,5.639
Malta,MLT,1,2008,2.31,0,2.31,5.641
Malta,MLT,1,2009,2.17,0,2.17,5.273
Malta,MLT,1,2010,2.11,0,2.11,5.093
Malta,MLT,1,2011,2.17,0,2.17,5.195
Malta,MLT,1,2012,2.3,0,2.3,5.453
Malta,MLT,1,2013,2.26,0,2.26,5.303
Malta,MLT,1,2014,2.25,0,2.25,5.23
Malta,MLT,1,2015,1.3,1.05,2.35,5.42
Malta,MLT,1,2016,0.86,1.53,2.39,5.48
Malta,MLT,1,2017,1.65,0.86,2.51,5.731
Malta,MLT,1,2018,1.97,0.62,2.59,5.896
Malta,MLT,1,2019,2.08,0.64,2.72,6.177
Malta,MLT,1,2020,2.12,0.42,2.54,5.753
Malta,MLT,1,2021,2.46,0.52,2.98,6.749
Moldova,MDA,0,2010,1.07,3.03,4.1,1.003
Moldova,MDA,0,2011,1.02,3.15,4.17,1.022
Moldova,MDA,0,2012,0.93,3.28,4.21,1.033
Moldova,MDA,0,2013,0.91,3.33,4.24,1.041
Moldova,MDA,0,2014,0.96,3.34,4.3,1.056
Moldova,MDA,0,2015,0.93,3.32,4.25,1.044
Moldova,MDA,0,2016,0.9,3.33,4.23,1.04
Moldova,MDA,0,2017,0.9,3.41,4.31,1.062
Moldova,MDA,0,2018,0.95,3.5,4.45,1.098
Moldova,MDA,0,2019,0.93,3.5,4.43,1.096
Montenegro,MNE,0,2005,2.87,1.79,4.66,7.56
Montenegro,MNE,0,2006,2.95,1.87,4.82,7.801
Montenegro,MNE,0,2007,2.14,2.59,4.73,7.635
Montenegro,MNE,0,2008,2.83,1.78,4.61,7.42
Montenegro,MNE,0,2009,2.76,1.05,3.81,6.116
Montenegro,MNE,0,2010,4.02,0,4.02,6.439
Montenegro,MNE,0,2011,2.65,1.56,4.21,6.733
Montenegro,MNE,0,2012,2.85,1.21,4.06,6.486
Montenegro,MNE,0,2013,3.94,-0.34,3.6,5.748
Montenegro,MNE,0,2014,3.17,0.26,3.43,5.474
Montenegro,MNE,0,2015,3,0.52,3.52,5.614
Montenegro,MNE,0,2016,3.14,0.3,3.44,5.484
Montenegro,MNE,0,2017,2.48,1.12,3.6,5.736
Montenegro,MNE,0,2018,3.8,-0.2,3.6,5.734
Montenegro,MNE,0,2019,3.42,0.25,3.67,5.844
Montenegro,MNE,0,2020,3.23,0.17,3.4,5.413
Montenegro,MNE,0,2021,3.65,-1.51,2.14,3.407
Netherlands,NLD,1,1990,71.8,9.21,81.01,5.413
Netherlands,NLD,1,1991,74.25,9.16,83.41,5.537
Netherlands,NLD,1,1992,77.05,8.68,85.73,5.653
Netherlands,NLD,1,1993,76.94,10.3,87.24,5.714
Netherlands,NLD,1,1994,79.66,10.56,90.22,5.87
Netherlands,NLD,1,1995,80.88,11.39,92.27,5.965
Netherlands,NLD,1,1996,85.2,10.59,95.79,6.155
Netherlands,NLD,1,1997,86.28,12.63,98.91,6.318
Netherlands,NLD,1,1998,90.88,11.81,102.69,6.522
Netherlands,NLD,1,1999,86.53,18.44,104.97,6.629
Netherlands,NLD,1,2000,89.39,18.91,108.3,6.8
Netherlands,NLD,1,2001,93.43,17.28,110.71,6.912
Netherlands,NLD,1,2002,95.75,16.38,112.13,6.96
Netherlands,NLD,1,2003,96.6,16.99,113.59,7.011
Netherlands,NLD,1,2004,101.01,16.22,117.23,7.198
Netherlands,NLD,1,2005,99.68,18.29,117.97,7.208
Netherlands,NLD,1,2006,98.69,21.46,120.15,7.308
Netherlands,NLD,1,2007,105,17.61,122.61,7.428
Netherlands,NLD,1,2008,107.4,15.85,123.25,7.439
Netherlands,NLD,1,2009,113.56,4.89,118.45,7.124
Netherlands,NLD,1,2010,119.11,2.78,121.89,7.306
Netherlands,NLD,1,2011,113.81,9.09,122.9,7.342
Netherlands,NLD,1,2012,103.07,17.11,120.18,7.157
Netherlands,NLD,1,2013,101.5,18.24,119.74,7.109
Netherlands,NLD,1,2014,103.22,14.73,117.95,6.982
Netherlands,NLD,1,2015,108.75,8.75,117.5,6.937
Netherlands,NLD,1,2016,113.78,4.91,118.69,6.989
Netherlands,NLD,1,2017,115.61,3.51,119.12,6.998
Netherlands,NLD,1,2018,113.49,7.97,121.46,7.12
Netherlands,NLD,1,2019,120.44,0.86,121.3,7.095
Netherlands,NLD,1,2020,122.73,-2.66,120.07,7.007
Netherlands,NLD,1,2021,120.79,0.31,121.1,7.067
North Macedonia,MKD,0,1990,5.75,0.08,5.83,2.921
North Macedonia,MKD,0,1991,5.77,0.07,5.84,2.93
North Macedonia,MKD,0,1992,6.07,0.27,6.34,3.188
North Macedonia,MKD,0,1993,5.18,0.61,5.79,2.918
North Macedonia,MKD,0,1994,5.94,0.07,6.01,3.033
North Macedonia,MKD,0,1995,6.13,0.12,6.25,3.151
North Macedonia,MKD,0,1996,6.64,-0.03,6.61,3.323
North Macedonia,MKD,0,1997,6.73,0.07,6.8,3.401
North Macedonia,MKD,0,1998,7.05,0,7.05,3.504
North Macedonia,MKD,0,1999,6.86,-0.1,6.76,3.339
North Macedonia,MKD,0,2000,6.81,0.11,6.92,3.401
North Macedonia,MKD,0,2001,6.37,0.43,6.8,3.329
North Macedonia,MKD,0,2002,6.09,0.79,6.88,3.358
North Macedonia,MKD,0,2003,6.73,0.95,7.68,3.74
North Macedonia,MKD,0,2004,6.66,1.18,7.84,3.811
North Macedonia,MKD,0,2005,6.94,1.6,8.54,4.145
North Macedonia,MKD,0,2006,7.01,1.79,8.8,4.265
North Macedonia,MKD,0,2007,6.5,2.49,8.99,4.353
North Macedonia,MKD,0,2008,6.31,2.73,9.04,4.373
North Macedonia,MKD,0,2009,6.82,1.44,8.26,3.992
North Macedonia,MKD,0,2010,7.26,1.42,8.68,4.192
North Macedonia,MKD,0,2011,6.76,2.68,9.44,4.555
North Macedonia,MKD,0,2012,6.26,2.67,8.93,4.305
North Macedonia,MKD,0,2013,6.09,2.43,8.52,4.104
North Macedonia,MKD,0,2014,5.38,2.96,8.34,4.014
North Macedonia,MKD,0,2015,5.65,2.51,8.16,3.924
North Macedonia,MKD,0,2016,5.63,2.03,7.66,3.681
North Macedonia,MKD,0,2017,5.6,1.98,7.58,3.641
North Macedonia,MKD,0,2018,5.61,1.92,7.53,3.615
North Macedonia,MKD,0,2019,5.87,1.83,7.7,3.696
North Macedonia,MKD,0,2020,5.28,2.33,7.61,3.653
North Macedonia,MKD,0,2021,5.17,2.54,7.71,3.701
Norway,NOR,0,1990,121.46,-15.91,105.55,24.851
Norway,NOR,0,1991,110.46,-2.77,107.69,25.223
Norway,NOR,0,1992,117.01,-8.73,108.28,25.224
Norway,NOR,0,1993,119.61,-7.78,111.83,25.906
Norway,NOR,0,1994,112.2,-0.13,112.07,25.813
Norway,NOR,0,1995,122.13,-6.66,115.47,26.442
Norway,NOR,0,1996,104.57,8.98,113.55,25.847
Norway,NOR,0,1997,110.38,3.82,114.2,25.836
Norway,NOR,0,1998,116.31,3.63,119.94,26.968
Norway,NOR,0,1999,122.15,-1.92,120.23,26.873
Norway,NOR,0,2000,142.43,-19.05,123.38,27.422
Norway,NOR,0,2001,121.16,3.57,124.73,27.576
Norway,NOR,0,2002,130.12,-9.71,120.41,26.487
Norway,NOR,0,2003,106.59,7.87,114.46,25.045
Norway,NOR,0,2004,109.98,11.45,121.43,26.408
Norway,NOR,0,2005,137.1,-12.04,125.06,26.997
Norway,NOR,0,2006,121.09,0.85,121.94,26.095
Norway,NOR,0,2007,135.94,-10.03,125.91,26.679
Norway,NOR,0,2008,141.02,-13.86,127.16,26.653
Norway,NOR,0,2009,130.9,-8.98,121.92,25.259
Norway,NOR,0,2010,123.1,7.55,130.65,26.74
Norway,NOR,0,2011,126.21,-3.08,123.13,24.883
Norway,NOR,0,2012,146.55,-17.82,128.73,25.676
Norway,NOR,0,2013,133.27,-5.01,128.26,25.251
Norway,NOR,0,2014,140.95,-15.58,125.37,24.38
Norway,NOR,0,2015,143.07,-14.65,128.42,24.697
Norway,NOR,0,2016,148.13,-16.41,131.72,25.085
Norway,NOR,0,2017,148.41,-15.16,133.25,25.159
Norway,NOR,0,2018,145.84,-10.15,135.69,25.42
Norway,NOR,0,2019,134.08,0.04,134.12,24.935
Norway,NOR,0,2020,150.7,-20.47,130.23,24.022
Norway,NOR,0,2021,148.74,-17.31,131.43,24.244
Poland,POL,1,1990,134.44,-1.04,133.4,3.514
Poland,POL,1,1991,132.72,-2.62,130.1,3.416
Poland,POL,1,1992,130.69,-4.03,126.66,3.316
Poland,POL,1,1993,131.78,-2.41,129.37,3.378
Poland,POL,1,1994,133.29,-2.68,130.61,3.402
Poland,POL,1,1995,137.05,-2.8,134.25,3.491
Poland,POL,1,1996,141.19,-3.12,138.07,3.585
Poland,POL,1,1997,140.94,-2.18,138.76,3.6
Poland,POL,1,1998,140.77,-3.47,137.3,3.56
Poland,POL,1,1999,139.99,-4.93,135.06,3.502
Poland,POL,1,2000,143.18,-6.37,136.81,3.548
Poland,POL,1,2001,143.72,-6.73,136.99,3.555
Poland,POL,1,2002,142.49,-7.07,135.42,3.518
Poland,POL,1,2003,150.01,-10.16,139.85,3.638
Poland,POL,1,2004,152.26,-9.29,142.97,3.723
Poland,POL,1,2005,155.05,-11.19,143.86,3.749
Poland,POL,1,2006,160.45,-10.99,149.46,3.897
Poland,POL,1,2007,158.51,-5.35,153.16,3.993
Poland,POL,1,2008,154.64,-0.67,153.97,4.014
Poland,POL,1,2009,151.09,-2.19,148.9,3.882
Poland,POL,1,2010,157,-1.35,155.65,4.061
Poland,POL,1,2011,163.01,-5.24,157.77,4.121
Poland,POL,1,2012,161.63,-2.84,158.79,4.154
Poland,POL,1,2013,163.91,-4.52,159.39,4.177
Poland,POL,1,2014,158.38,2.17,160.55,4.215
Poland,POL,1,2015,164.24,-0.33,163.91,4.31
Poland,POL,1,2016,166.09,2,168.09,4.425
Poland,POL,1,2017,169.93,2.29,172.22,4.538
Poland,POL,1,2018,169.49,5.69,175.18,4.62
Poland,POL,1,2019,163.04,10.62,173.66,4.584
Poland,POL,1,2020,157.64,13.27,170.91,4.516
Poland,POL,1,2021,177.16,1.42,178.58,4.719
Portugal,PRT,1,1990,28.33,0.04,28.37,2.867
Portugal,PRT,1,1991,29.72,0.09,29.81,3.006
Portugal,PRT,1,1992,29.61,1.34,30.95,3.11
Portugal,PRT,1,1993,30.99,0.17,31.16,3.117
Portugal,PRT,1,1994,31.33,0.89,32.22,3.208
Portugal,PRT,1,1995,33.15,0.91,34.06,3.375
Portugal,PRT,1,1996,34.41,1.11,35.52,3.505
Portugal,PRT,1,1997,34.14,2.9,37.04,3.64
Portugal,PRT,1,1998,38.91,0.27,39.18,3.836
Portugal,PRT,1,1999,42.91,-0.86,42.05,4.101
Portugal,PRT,1,2000,43.38,0.93,44.31,4.303
Portugal,PRT,1,2001,46.17,0.24,46.41,4.488
Portugal,PRT,1,2002,45.65,1.9,47.55,4.578
Portugal,PRT,1,2003,46.52,2.79,49.31,4.728
Portugal,PRT,1,2004,44.82,6.48,51.3,4.899
Portugal,PRT,1,2005,46.18,6.82,53,5.044
Portugal,PRT,1,2006,48.57,5.44,54.01,5.123
Portugal,PRT,1,2007,46.89,7.49,54.38,5.143
Portugal,PRT,1,2008,45.48,9.43,54.91,5.182
Portugal,PRT,1,2009,49.48,4.78,54.26,5.117
Portugal,PRT,1,2010,53.69,2.62,56.31,5.314
Portugal,PRT,1,2011,51.88,2.81,54.69,5.174
Portugal,PRT,1,2012,45.57,7.89,53.46,5.079
Portugal,PRT,1,2013,50.53,2.78,53.31,5.09
Portugal,PRT,1,2014,51.96,0.9,52.86,5.074
Portugal,PRT,1,2015,51.27,2.27,53.54,5.164
Portugal,PRT,1,2016,59.13,-5.09,54.04,5.234
Portugal,PRT,1,2017,57.7,-2.68,55.02,5.348
Portugal,PRT,1,2018,58.41,-2.66,55.75,5.436
Portugal,PRT,1,2019,51.73,3.4,55.13,5.391
Portugal,PRT,1,2020,51.96,1.46,53.42,5.239
Portugal,PRT,1,2021,49.19,4.67,53.86,5.282
Romania,ROU,1,1990,64.3,9.48,73.78,3.141
Romania,ROU,1,1991,56.8,7.05,63.85,2.722
Romania,ROU,1,1992,54.01,4.2,58.21,2.49
Romania,ROU,1,1993,55.36,1.87,57.23,2.461
Romania,ROU,1,1994,55.04,0.72,55.76,2.412
Romania,ROU,1,1995,59.05,0.3,59.35,2.584
Romania,ROU,1,1996,61.03,0.81,61.84,2.712
Romania,ROU,1,1997,56.72,0.22,56.94,2.515
Romania,ROU,1,1998,52.99,0.39,53.38,2.376
Romania,ROU,1,1999,50.47,-0.83,49.64,2.226
Romania,ROU,1,2000,51.56,-0.7,50.86,2.297
Romania,ROU,1,2001,53.55,-1.31,52.24,2.376
Romania,ROU,1,2002,54.42,-2.85,51.57,2.36
Romania,ROU,1,2003,54.84,-2.08,52.76,2.429
Romania,ROU,1,2004,56.49,-1.18,55.31,2.563
Romania,ROU,1,2005,59.41,-2.9,56.51,2.639
Romania,ROU,1,2006,62.7,-4.27,58.43,2.752
Romania,ROU,1,2007,61.68,-2.09,59.59,2.833
Romania,ROU,1,2008,64.95,-4.25,60.7,2.914
Romania,ROU,1,2009,57.73,-2.3,55.43,2.686
Romania,ROU,1,2010,60.61,-2.27,58.34,2.85
Romania,ROU,1,2011,62,-1.91,60.09,2.955
Romania,ROU,1,2012,58.78,0.25,59.03,2.918
Romania,ROU,1,2013,58.55,-2.02,56.53,2.808
Romania,ROU,1,2014,65.19,-7.13,58.06,2.898
Romania,ROU,1,2015,65.92,-6.73,59.19,2.971
Romania,ROU,1,2016,64.59,-5.02,59.57,3.009
Romania,ROU,1,2017,63.95,-2.89,61.06,3.107
Romania,ROU,1,2018,64.44,-2.54,61.9,3.173
Romania,ROU,1,2019,59.18,1.52,60.7,3.135
Romania,ROU,1,2020,56.01,2.79,58.8,3.057
Romania,ROU,1,2021,58.7,2.1,60.8,3.16
Serbia,SRB,0,1990,38.97,-2.02,36.95,3.882
Serbia,SRB,0,1991,37.67,-2.27,35.4,3.686
Serbia,SRB,0,1992,34.31,-0.4,33.91,3.495
Serbia,SRB,0,1993,29.96,-1,28.96,2.957
Serbia,SRB,0,1994,30.82,-1.25,29.57,2.998
Serbia,SRB,0,1995,32.18,-0.4,31.78,3.215
Serbia,SRB,0,1996,32.31,1.76,34.07,3.457
Serbia,SRB,0,1997,35.19,0.82,36.01,3.68
Serbia,SRB,0,1998,35.23,0.45,35.68,3.684
Serbia,SRB,0,1999,30.83,1.87,32.7,3.413
Serbia,SRB,0,2000,31.95,3.01,34.96,3.685
Serbia,SRB,0,2001,32.57,4.04,36.61,3.89
Serbia,SRB,0,2002,33.24,4.48,37.72,4.036
Serbia,SRB,0,2003,34.26,2.79,37.05,3.987
Serbia,SRB,0,2004,37.19,-0.27,36.92,3.995
Serbia,SRB,0,2005,35.86,-1.94,33.92,3.689
Serbia,SRB,0,2006,35.87,-0.81,35.06,3.833
Serbia,SRB,0,2007,35.97,-0.09,35.88,3.942
Serbia,SRB,0,2008,36.82,0.07,36.89,4.072
Serbia,SRB,0,2009,37.71,-1.43,36.28,4.021
Serbia,SRB,0,2010,37.42,-0.3,37.12,4.128
Serbia,SRB,0,2011,38.02,-0.28,37.74,4.21
Serbia,SRB,0,2012,36.19,0.39,36.58,4.092
Serbia,SRB,0,2013,39.23,-2.54,36.69,4.114
Serbia,SRB,0,2014,33.44,1.56,35,3.933
Serbia,SRB,0,2015,37.59,-0.92,36.67,4.131
Serbia,SRB,0,2016,38.61,-1.92,36.69,4.144
Serbia,SRB,0,2017,36.44,0.83,37.27,4.221
Serbia,SRB,0,2018,36.67,0.12,36.79,4.179
Serbia,SRB,0,2019,36.86,0.08,36.94,4.211
Serbia,SRB,0,2020,37.52,-0.94,36.58,4.187
Serbia,SRB,0,2021,37.32,0.6,37.92,4.34
Slovakia,SVK,1,1990,25.49,5.2,30.69,5.803
Slovakia,SVK,1,1991,24.26,4.34,28.6,5.387
Slovakia,SVK,1,1992,23.24,3.47,26.71,5.012
Slovakia,SVK,1,1993,24.05,1.42,25.47,4.763
Slovakia,SVK,1,1994,25.47,0.43,25.9,4.829
Slovakia,SVK,1,1995,26.43,1.38,27.81,5.174
Slovakia,SVK,1,1996,25.46,3.52,28.98,5.382
Slovakia,SVK,1,1997,25.04,4.05,29.09,5.396
Slovakia,SVK,1,1998,25.73,1.29,27.02,5.008
Slovakia,SVK,1,1999,28.11,0.56,28.67,5.312
Slovakia,SVK,1,2000,30.78,-2.7,28.08,5.201
Slovakia,SVK,1,2001,31.83,-3.68,28.15,5.213
Slovakia,SVK,1,2002,32.18,-4.16,28.02,5.189
Slovakia,SVK,1,2003,30.96,-2.26,28.7,5.315
Slovakia,SVK,1,2004,30.45,-1.86,28.59,5.295
Slovakia,SVK,1,2005,31.34,-3.27,28.07,5.199
Slovakia,SVK,1,2006,31.21,-2.33,28.88,5.349
Slovakia,SVK,1,2007,27.83,1.73,29.56,5.475
Slovakia,SVK,1,2008,28.73,0.52,29.25,5.417
Slovakia,SVK,1,2009,25.89,1.31,27.2,5.036
Slovakia,SVK,1,2010,27.42,1.04,28.46,5.266
Slovakia,SVK,1,2011,28.21,0.73,28.94,5.35
Slovakia,SVK,1,2012,28.24,0.39,28.63,5.287
Slovakia,SVK,1,2013,28.44,0.09,28.53,5.262
Slovakia,SVK,1,2014,27.04,1.1,28.14,5.183
Slovakia,SVK,1,2015,26.54,2.39,28.93,5.322
Slovakia,SVK,1,2016,26.68,2.65,29.33,5.39
Slovakia,SVK,1,2017,27.29,3.03,30.32,5.565
Slovakia,SVK,1,2018,26.57,3.68,30.25,5.547
Slovakia,SVK,1,2019,28.19,1.7,29.89,5.477
Slovakia,SVK,1,2020,31.29,0.32,31.61,5.79
Slovakia,SVK,1,2021,29.47,0.8,30.27,5.544
Slovenia,SVN,1,1990,12.44,-0.99,11.45,5.707
Slovenia,SVN,1,1991,12.74,-2.02,10.72,5.339
Slovenia,SVN,1,1992,12.34,-1.81,10.53,5.251
Slovenia,SVN,1,1993,11.95,-1.42,10.53,5.264
Slovenia,SVN,1,1994,12.89,-1.93,10.96,5.493
Slovenia,SVN,1,1995,12.9,-1.65,11.25,5.65
Slovenia,SVN,1,1996,13.05,-1.66,11.39,5.728
Slovenia,SVN,1,1997,13.18,-1.7,11.48,5.776
Slovenia,SVN,1,1998,13.72,-1.92,11.8,5.937
Slovenia,SVN,1,1999,13.26,-1.34,11.92,5.997
Slovenia,SVN,1,2000,13.61,-1.32,12.29,6.183
Slovenia,SVN,1,2001,14.48,-1.77,12.71,6.395
Slovenia,SVN,1,2002,14.6,-1.13,13.47,6.778
Slovenia,SVN,1,2003,13.83,0.16,13.99,7.038
Slovenia,SVN,1,2004,15.27,-0.76,14.51,7.291
Slovenia,SVN,1,2005,15.11,-0.32,14.79,7.414
Slovenia,SVN,1,2006,15.11,0.04,15.15,7.566
Slovenia,SVN,1,2007,15.04,0.23,15.27,7.589
Slovenia,SVN,1,2008,16.41,-1.6,14.81,7.321
Slovenia,SVN,1,2009,16.39,-3.06,13.33,6.554
Slovenia,SVN,1,2010,16.26,-2.12,14.14,6.92
Slovenia,SVN,1,2011,15.92,-1.37,14.55,7.093
Slovenia,SVN,1,2012,15.55,-1.04,14.51,7.051
Slovenia,SVN,1,2013,15.8,-1.29,14.51,7.033
Slovenia,SVN,1,2014,17.15,-2.74,14.41,6.97
Slovenia,SVN,1,2015,14.8,-0.05,14.75,7.121
Slovenia,SVN,1,2016,16.23,-1.18,15.05,7.256
Slovenia,SVN,1,2017,16.05,-0.52,15.53,7.479
Slovenia,SVN,1,2018,16.12,-0.5,15.62,7.517
Slovenia,SVN,1,2019,15.89,-0.32,15.57,7.49
Slovenia,SVN,1,2020,16.91,-2,14.91,7.172
Slovenia,SVN,1,2021,15.56,-0.28,15.28,7.35
Spain,ESP,1,1990,151.21,-0.42,150.79,3.846
Spain,ESP,1,1991,154.75,-0.68,154.07,3.92
Spain,ESP,1,1992,156.69,0.64,157.33,3.992
Spain,ESP,1,1993,155.46,1.27,156.73,3.964
Spain,ESP,1,1994,160.9,1.86,162.76,4.104
Spain,ESP,1,1995,165.6,4.49,170.09,4.275
Spain,ESP,1,1996,173.37,1.06,174.43,4.371
Spain,ESP,1,1997,189.14,-3.07,186.07,4.648
Spain,ESP,1,1998,193.39,3.4,196.79,4.895
Spain,ESP,1,1999,205.63,5.72,211.35,5.224
Spain,ESP,1,2000,220.92,4.44,225.36,5.52
Spain,ESP,1,2001,233.07,3.45,236.52,5.724
Spain,ESP,1,2002,239.91,5.33,245.24,5.85
Spain,ESP,1,2003,257.3,1.26,258.56,6.07
Spain,ESP,1,2004,273.65,-3.03,270.62,6.249
Spain,ESP,1,2005,284.46,-1.34,283.12,6.432
Spain,ESP,1,2006,295.26,-3.28,291.98,6.528
Spain,ESP,1,2007,301.53,-5.75,295.78,6.511
Spain,ESP,1,2008,310.67,-11.04,299.63,6.504
Spain,ESP,1,2009,291.53,-8.1,283.43,6.084
Spain,ESP,1,2010,298.15,-8.33,289.82,6.175
Spain,ESP,1,2011,291.37,-6.09,285.28,6.059
Spain,ESP,1,2012,293.77,-11.2,282.57,6.004
Spain,ESP,1,2013,281.47,-6.75,274.72,5.854
Spain,ESP,1,2014,274.94,-3.41,271.53,5.805
Spain,ESP,1,2015,277.48,-0.13,277.35,5.943
Spain,ESP,1,2016,271.19,7.67,278.86,5.98
Spain,ESP,1,2017,272.9,9.17,282.07,6.047
Spain,ESP,1,2018,271.88,11.1,282.98,6.06
Spain,ESP,1,2019,270.89,6.86,277.75,5.943
Spain,ESP,1,2020,263.75,3.28,267.03,5.711
Spain,ESP,1,2021,272.27,0.88,273.15,5.842
Sweden,SWE,1,1990,145.98,-1.77,144.21,16.832
Sweden,SWE,1,1991,146.97,-1.29,145.68,16.89
Sweden,SWE,1,1992,145.93,-2.16,143.77,16.551
Sweden,SWE,1,1993,145.26,-0.59,144.67,16.54
Sweden,SWE,1,1994,142.7,0.26,142.96,16.249
Sweden,SWE,1,1995,148.28,-1.68,146.6,16.59
Sweden,SWE,1,1996,140.61,6.14,146.75,16.565
Sweden,SWE,1,1997,149.21,-2.71,146.5,16.518
Sweden,SWE,1,1998,158.79,-10.7,148.09,16.694
Sweden,SWE,1,1999,154.84,-7.48,147.36,16.607
Sweden,SWE,1,2000,145.23,4.68,149.91,16.879
Sweden,SWE,1,2001,161.6,-7.29,154.31,17.342
Sweden,SWE,1,2002,146.7,5.36,152.06,17.046
Sweden,SWE,1,2003,135.39,12.83,148.22,16.558
Sweden,SWE,1,2004,151.69,-2.1,149.59,16.638
Sweden,SWE,1,2005,158.37,-7.39,150.98,16.704
Sweden,SWE,1,2006,143.28,6.04,149.32,16.416
Sweden,SWE,1,2007,148.82,1.32,150.14,16.386
Sweden,SWE,1,2008,149.9,-1.96,147.94,16.017
Sweden,SWE,1,2009,136.6,4.69,141.29,15.171
Sweden,SWE,1,2010,148.45,2.08,150.53,16.031
Sweden,SWE,1,2011,150.28,-7.23,143.05,15.111
Sweden,SWE,1,2012,166.43,-19.57,146.86,15.39
Sweden,SWE,1,2013,153.03,-10,143.03,14.871
Sweden,SWE,1,2014,153.55,-15.62,137.93,14.231
Sweden,SWE,1,2015,162,-22.6,139.4,14.276
Sweden,SWE,1,2016,155.89,-11.73,144.16,14.656
Sweden,SWE,1,2017,164.23,-18.99,145.24,14.663
Sweden,SWE,1,2018,163.36,-17.22,146.14,14.656
Sweden,SWE,1,2019,168.42,-26.16,142.26,14.174
Sweden,SWE,1,2020,164.2,-25,139.2,13.783
Sweden,SWE,1,2021,173.11,-25.66,147.45,14.6
Turkey,TUR,0,1990,57.54,-0.73,56.81,1.054
Turkey,TUR,0,1991,60.24,0.25,60.49,1.103
Turkey,TUR,0,1992,67.35,-0.13,67.22,1.206
Turkey,TUR,0,1993,73.81,-0.38,73.43,1.296
Turkey,TUR,0,1994,78.33,-0.54,77.79,1.351
Turkey,TUR,0,1995,86.25,-0.7,85.55,1.463
Turkey,TUR,0,1996,94.86,-0.07,94.79,1.595
Turkey,TUR,0,1997,103.3,2.22,105.52,1.748
Turkey,TUR,0,1998,111.03,3,114.03,1.859
Turkey,TUR,0,1999,116.44,2.04,118.48,1.902
Turkey,TUR,0,2000,124.33,3.35,127.68,2.019
Turkey,TUR,0,2001,122.19,4.15,126.34,1.968
Turkey,TUR,0,2002,128.42,3.15,131.57,2.02
Turkey,TUR,0,2003,139.52,0.57,140.09,2.12
Turkey,TUR,0,2004,149.74,-0.68,149.06,2.224
Turkey,TUR,0,2005,161.55,-1.16,160.39,2.362
Turkey,TUR,0,2006,176.17,-1.66,174.51,2.538
Turkey,TUR,0,2007,191.41,-1.56,189.85,2.728
Turkey,TUR,0,2008,198.31,-0.33,197.98,2.811
Turkey,TUR,0,2009,194.73,-0.73,194,2.72
Turkey,TUR,0,2010,211.06,-0.77,210.29,2.907
Turkey,TUR,0,2011,229.28,0.91,230.19,3.134
Turkey,TUR,0,2012,239.38,2.87,242.25,3.245
Turkey,TUR,0,2013,239.87,6.2,246.07,3.241
Turkey,TUR,0,2014,251.62,5.26,256.88,3.326
Turkey,TUR,0,2015,261.29,3.94,265.23,3.377
Turkey,TUR,0,2016,273.69,4.88,278.57,3.49
Turkey,TUR,0,2017,296.43,-0.58,295.85,3.647
Turkey,TUR,0,2018,303.86,-0.63,303.23,3.683
Turkey,TUR,0,2019,302.79,-0.58,302.21,3.622
Turkey,TUR,0,2020,304.63,-0.6,304.03,3.605
Turkey,TUR,0,2021,330.49,-1.85,328.64,3.897
Ukraine,UKR,0,1990,298.62,-28.47,270.15,5.249
Ukraine,UKR,0,1991,278.47,-14.81,263.66,5.123
Ukraine,UKR,0,1992,252.32,-5.09,247.23,4.808
Ukraine,UKR,0,1993,229.71,-1.54,228.17,4.446
Ukraine,UKR,0,1994,202.73,-1.04,201.69,3.943
Ukraine,UKR,0,1995,193.82,-2.95,190.87,3.75
Ukraine,UKR,0,1996,182.8,-2.02,180.78,3.574
Ukraine,UKR,0,1997,177.82,-0.15,177.67,3.54
Ukraine,UKR,0,1998,172.65,-0.67,171.98,3.457
Ukraine,UKR,0,1999,171.94,-3.44,168.5,3.419
Ukraine,UKR,0,2000,171.27,-3.85,167.42,3.428
Ukraine,UKR,0,2001,172.81,-3.06,169.75,3.507
Ukraine,UKR,0,2002,173.57,-3.12,170.45,3.553
Ukraine,UKR,0,2003,180.2,-4.94,175.26,3.683
Ukraine,UKR,0,2004,182.02,-5.33,176.69,3.742
Ukraine,UKR,0,2005,185.91,-8.35,177.56,3.787
Ukraine,UKR,0,2006,193.23,-10.44,182.79,3.922
Ukraine,UKR,0,2007,196.14,-9.17,186.97,4.032
Ukraine,UKR,0,2008,192.58,-6.73,185.85,4.026
Ukraine,UKR,0,2009,173.62,-4.27,169.35,3.684
Ukraine,UKR,0,2010,188.82,-4.06,184.76,4.035
Ukraine,UKR,0,2011,194.95,-6.29,188.66,4.135
Ukraine,UKR,0,2012,198.36,-11.47,186.89,4.112
Ukraine,UKR,0,2013,193.71,-9.89,183.82,4.059
Ukraine,UKR,0,2014,181.98,-8.43,173.55,3.847
Ukraine,UKR,0,2015,161.64,-1.35,160.29,3.568
Ukraine,UKR,0,2016,162.86,-3.75,159.11,3.558
Ukraine,UKR,0,2017,154.42,-5.18,149.24,3.355
Ukraine,UKR,0,2018,158.23,-6.07,152.16,3.439
Ukraine,UKR,0,2019,152.66,-4.04,148.62,3.378
United Kingdom,GBR,0,1990,317.76,11.94,329.7,5.771
United Kingdom,GBR,0,1991,321.34,16.41,337.75,5.895
United Kingdom,GBR,0,1992,319.34,16.69,336.03,5.849
United Kingdom,GBR,0,1993,321.67,16.72,338.39,5.875
United Kingdom,GBR,0,1994,325.02,16.89,341.91,5.919
United Kingdom,GBR,0,1995,332.48,16.31,348.79,6.021
United Kingdom,GBR,0,1996,349.32,16.75,366.07,6.299
United Kingdom,GBR,0,1997,349.19,16.57,365.76,6.273
United Kingdom,GBR,0,1998,361.08,12.71,373.79,6.388
United Kingdom,GBR,0,1999,365.25,14.24,379.49,6.463
United Kingdom,GBR,0,2000,374.38,14.17,388.55,6.594
United Kingdom,GBR,0,2001,382.37,10.4,392.77,6.643
United Kingdom,GBR,0,2002,384.6,8.41,393.01,6.625
United Kingdom,GBR,0,2003,395.46,2.16,397.62,6.676
United Kingdom,GBR,0,2004,391.29,7.49,398.78,6.66
United Kingdom,GBR,0,2005,395.42,8.32,403.74,6.697
United Kingdom,GBR,0,2006,393.44,7.52,400.96,6.592
United Kingdom,GBR,0,2007,392.98,5.21,398.19,6.479
United Kingdom,GBR,0,2008,384.84,11.02,395.86,6.37
United Kingdom,GBR,0,2009,373.08,2.86,375.94,5.984
United Kingdom,GBR,0,2010,378.91,2.66,381.57,6.013
United Kingdom,GBR,0,2011,365.06,6.22,371.28,5.799
United Kingdom,GBR,0,2012,360.89,11.86,372.75,5.777
United Kingdom,GBR,0,2013,355.38,14.43,369.81,5.691
United Kingdom,GBR,0,2014,335.21,20.52,355.73,5.437
United Kingdom,GBR,0,2015,335.34,21.11,356.45,5.412
United Kingdom,GBR,0,2016,336.28,17.75,354.03,5.34
United Kingdom,GBR,0,2017,335.1,14.76,349.86,5.243
United Kingdom,GBR,0,2018,330.5,19.11,349.61,5.207
United Kingdom,GBR,0,2019,321.65,21.17,342.82,5.077
United Kingdom,GBR,0,2020,307.46,17.56,325.02,4.788
United Kingdom,GBR,0,2021,305.5,24.12,329.62,4.855